"2021-06-24T21:18:43.663+04:30","186267"
"2021-06-24T21:25:01.818+04:30","1801"
"2021-06-24T21:27:18.055+04:30","1067"
"2021-06-24T21:30:34.850272+04:30","8317"
"2021-06-24T21:45:47.781+04:30","7136"
"2021-06-24T21:46:11.477381+04:30","198"
"2021-06-24T21:46:43.302+04:30","2498"
"2021-06-24T21:47:01.739609+04:30","1170"
"2021-06-24T21:47:24.52+04:30","1997"
"2021-06-24T21:47:35.123+04:30","1407"
"2021-06-24T21:47:43.402798+04:30","154"
"2021-06-24T21:50:24.173+04:30","1302"
"2021-06-24T21:56:32.801445+04:30","322"
"2021-06-24T21:57:02.366649+04:30","126"
"2021-06-24T22:00:04.467107+04:30","676"
"2021-06-24T22:12:44.869922+04:30","2943"
"2021-06-24T22:16:21.094015+04:30","191743"
"2021-06-24T22:22:25.086297+04:30","12276"
"2021-06-24T22:23:26.420159+04:30","1555"
"2021-06-24T22:24:30.843736+04:30","1349"
"2021-06-24T22:26:20.086971+04:30","1191"
"2021-06-24T22:28:46.082896+04:30","1206"
"2021-06-24T22:29:18.532299+04:30","1092"
"2021-06-30T14:41:48.405966+04:30","5970"
"2021-07-03T18:21:11.782485+04:30","3226"
"2021-07-03T18:56:29.992421+04:30","3475"
"2021-07-03T18:56:46.643099+04:30","10522"
